{
  "Wine Glass BB": [
    [
      2.2167306931075e-16,
      2.224155199058238e-16,
      1.0
    ],
    [
      -0.0016718501116577131,
      0.9999986024576255,
      -2.220446049250313e-16
    ],
    [
      -0.9999986024576255,
      -0.0016718501116577134,
      2.220446049250313e-16
    ]
  ],
  "Charger BB": [
    [
      0.9999985929912855,
      0.0016638973595236094,
      0.00021321591480052965
    ],
    [
      -0.0016636433847122241,
      0.9999979130177421,
      -0.0011858544804009062
    ],
    [
      -0.00021518860996141688,
      0.0011854980966471446,
      0.9999992741437991
    ]
  ],
  "Napkin Cloth BB": [
    [
      0.0017294421608832892,
      -0.9999964451149733,
      -0.002029479546124543
    ],
    [
      0.9999966524619253,
      0.0017333413493280277,
      -0.0019210915411570747
    ],
    [
      0.0019246024927124332,
      -0.0020261503356582976,
      0.9999960953024079
    ]
  ],
  "Table Cloth Sides": [
    [
      0.9999986071224126,
      0.0016690575887507997,
      0.0
    ],
    [
      -0.0016690575887507997,
      0.9999986071224127,
      0.0
    ],
    [
      0.0,
      0.0,
      1.0
    ]
  ],
  "Water Glass BB": [
    [
      0.0017294421608832892,
      -0.9999964451149733,
      -0.002029479546124543
    ],
    [
      0.9999966524619253,
      0.0017333413493280277,
      -0.0019210915411570747
    ],
    [
      0.0019246024927124332,
      -0.0020261503356582976,
      0.9999960953024079
    ]
  ],
  "Bread Plate BB": [
    [
      0.999998472874078,
      0.0016734087036621018,
      0.000503937320131141
    ],
    [
      -0.0016727575816902062,
      0.9999977692357288,
      -0.0012897308396927556
    ],
    [
      -0.0005060944427782957,
      0.0012888859051384117,
      0.9999990413203097
    ]
  ],
  "Dinner Knife BB": [
    [
      -2.224151717023064e-16,
      2.216734186799581e-16,
      1.0
    ],
    [
      -0.9999986050825277,
      -0.0016702793175243252,
      -2.220446049250313e-16
    ],
    [
      0.0016702793175243254,
      -0.9999986050825276,
      2.220446049250313e-16
    ]
  ],
  "Salad Knife BB": [
    [
      -2.224151717023064e-16,
      2.216734186799581e-16,
      1.0
    ],
    [
      -0.9999986050825277,
      -0.0016702793175243252,
      -2.220446049250313e-16
    ],
    [
      0.0016702793175243254,
      -0.9999986050825276,
      2.220446049250313e-16
    ]
  ],
  "Butter Knife BB": [
    [
      0.9999985929912855,
      0.0016638973595236094,
      0.00021321591480052965
    ],
    [
      -0.0016636433847122241,
      0.9999979130177421,
      -0.0011858544804009062
    ],
    [
      -0.00021518860996141688,
      0.0011854980966471446,
      0.9999992741437991
    ]
  ],
  "Salad Fork BB": [
    [
      -2.224151717023064e-16,
      2.216734186799581e-16,
      1.0
    ],
    [
      -0.9999986050825277,
      -0.0016702793175243252,
      -2.220446049250313e-16
    ],
    [
      0.0016702793175243254,
      -0.9999986050825276,
      2.220446049250313e-16
    ]
  ],
  "Dinner Fork BB": [
    [
      -2.224151717023064e-16,
      2.216734186799581e-16,
      1.0
    ],
    [
      -0.9999986050825277,
      -0.0016702793175243252,
      -2.220446049250313e-16
    ],
    [
      0.0016702793175243254,
      -0.9999986050825276,
      2.220446049250313e-16
    ]
  ],
  "Soup Spoon BB": [
    [
      0.9999985929912855,
      0.0016638973595236094,
      0.00021321591480052965
    ],
    [
      -0.0016636433847122241,
      0.9999979130177421,
      -0.0011858544804009062
    ],
    [
      -0.00021518860996141688,
      0.0011854980966471446,
      0.9999992741437991
    ]
  ],
  "Dessert Fork BB": [
    [
      0.9999985929912855,
      0.0016638973595236094,
      0.00021321591480052965
    ],
    [
      -0.0016636433847122241,
      0.9999979130177421,
      -0.0011858544804009062
    ],
    [
      -0.00021518860996141688,
      0.0011854980966471446,
      0.9999992741437991
    ]
  ],
  "Dessert Spoon BB": [
    [
      0.0017294421608832892,
      -0.9999964451149733,
      -0.002029479546124543
    ],
    [
      0.9999966524619253,
      0.0017333413493280277,
      -0.0019210915411570747
    ],
    [
      0.0019246024927124332,
      -0.0020261503356582976,
      0.9999960953024079
    ]
  ],
  "Dinner Plate BB": [
    [
      0.9999984138465137,
      0.0016704974253588245,
      0.0006178533876074021
    ],
    [
      -0.001670079073631193,
      0.9999983762504637,
      -0.0006770024547579797
    ],
    [
      -0.0006189833152258855,
      0.0006759695169149606,
      0.9999995799623457
    ]
  ],
  "Wine Glass BB (1)": [
    [
      0.0017294421608832892,
      -0.9999964451149733,
      -0.002029479546124543
    ],
    [
      0.9999966524619253,
      0.0017333413493280277,
      -0.0019210915411570747
    ],
    [
      0.0019246024927124332,
      -0.0020261503356582976,
      0.9999960953024079
    ]
  ],
  "Wine Glass BB (2)": [
    [
      2.2167306931075e-16,
      2.224155199058238e-16,
      1.0
    ],
    [
      -0.0016718501116577131,
      0.9999986024576255,
      -2.220446049250313e-16
    ],
    [
      -0.9999986024576255,
      -0.0016718501116577134,
      2.220446049250313e-16
    ]
  ],
  "Coffee Plate BB": [
    [
      0.9999985718029061,
      0.0016744746050040443,
      -0.00022918757646282062
    ],
    [
      -0.0016747231375266942,
      0.999998005184271,
      -0.0010885448505036192
    ],
    [
      0.00022736437856726196,
      0.0010889271215841633,
      0.9999993812713902
    ]
  ]
}