{
  "A": [
    [
      0.0171746277416664,
      1.1177358231628847
    ],
    [
      1.06872240341074,
      -0.011778907429684776
    ]
  ],
  "b": [
    [
      -0.4917327265622543
    ],
    [
      -0.5010997807481403
    ]
  ]
}